[
{"titulo": "The Shawshank Redemption", "ano": "(1994)", "nota": "9.2"},
{"titulo": "The Godfather", "ano": "(1972)", "nota": "9.2"},
{"titulo": "The Godfather: Part II", "ano": "(1974)", "nota": "9.2"},
{"titulo": "The Dark Knight", "ano": "(2008)", "nota": "9.2"},
{"titulo": "12 Angry Men", "ano": "(1957)", "nota": "9.2"},
{"titulo": "Schindler's List", "ano": "(1993)", "nota": "9.2"},
{"titulo": "The Lord of the Rings: The Return of the King", "ano": "(2003)", "nota": "9.2"},
{"titulo": "Pulp Fiction", "ano": "(1994)", "nota": "9.2"},
{"titulo": "The Good, the Bad and the Ugly", "ano": "(1966)", "nota": "9.2"},
{"titulo": "The Lord of the Rings: The Fellowship of the Ring", "ano": "(2001)", "nota": "9.2"},
{"titulo": "Fight Club", "ano": "(1999)", "nota": "9.2"},
{"titulo": "Forrest Gump", "ano": "(1994)", "nota": "9.2"},
{"titulo": "Inception", "ano": "(2010)", "nota": "9.2"},
{"titulo": "The Lord of the Rings: The Two Towers", "ano": "(2002)", "nota": "9.2"},
{"titulo": "Star Wars: Episode V - The Empire Strikes Back", "ano": "(1980)", "nota": "9.2"},
{"titulo": "The Matrix", "ano": "(1999)", "nota": "9.2"},
{"titulo": "Goodfellas", "ano": "(1990)", "nota": "9.2"},
{"titulo": "One Flew Over the Cuckoo's Nest", "ano": "(1975)", "nota": "9.2"},
{"titulo": "Seven Samurai", "ano": "(1954)", "nota": "9.2"},
{"titulo": "Se7en", "ano": "(1995)", "nota": "9.2"},
{"titulo": "The Silence of the Lambs", "ano": "(1991)", "nota": "9.2"},
{"titulo": "City of God", "ano": "(2002)", "nota": "9.2"},
{"titulo": "Life Is Beautiful", "ano": "(1997)", "nota": "9.2"},
{"titulo": "It's a Wonderful Life", "ano": "(1946)", "nota": "9.2"},
{"titulo": "Star Wars: Episode IV - A New Hope", "ano": "(1977)", "nota": "9.2"},
{"titulo": "Saving Private Ryan", "ano": "(1998)", "nota": "9.2"},
{"titulo": "Spirited Away", "ano": "(2001)", "nota": "9.2"},
{"titulo": "Interstellar", "ano": "(2014)", "nota": "9.2"},
{"titulo": "The Green Mile", "ano": "(1999)", "nota": "9.2"},
{"titulo": "Parasite", "ano": "(2019)", "nota": "9.2"},
{"titulo": "L\u00e9on: The Professional", "ano": "(1994)", "nota": "9.2"},
{"titulo": "Hara-Kiri", "ano": "(1962)", "nota": "9.2"},
{"titulo": "The Pianist", "ano": "(2002)", "nota": "9.2"},
{"titulo": "The Usual Suspects", "ano": "(1995)", "nota": "9.2"},
{"titulo": "Terminator 2: Judgment Day", "ano": "(1991)", "nota": "9.2"},
{"titulo": "Back to the Future", "ano": "(1985)", "nota": "9.2"},
{"titulo": "Psycho", "ano": "(1960)", "nota": "9.2"},
{"titulo": "Modern Times", "ano": "(1936)", "nota": "9.2"},
{"titulo": "The Lion King", "ano": "(1994)", "nota": "9.2"},
{"titulo": "American History X", "ano": "(1998)", "nota": "9.2"},
{"titulo": "City Lights", "ano": "(1931)", "nota": "9.2"},
{"titulo": "Grave of the Fireflies", "ano": "(1988)", "nota": "9.2"},
{"titulo": "Gladiator", "ano": "(2000)", "nota": "9.2"},
{"titulo": "Whiplash", "ano": "(2014)", "nota": "9.2"},
{"titulo": "The Departed", "ano": "(2006)", "nota": "9.2"},
{"titulo": "The Intouchables", "ano": "(2011)", "nota": "9.2"},
{"titulo": "The Prestige", "ano": "(2006)", "nota": "9.2"},
{"titulo": "Casablanca", "ano": "(1942)", "nota": "9.2"},
{"titulo": "Once Upon a Time in the West", "ano": "(1968)", "nota": "9.2"},
{"titulo": "Rear Window", "ano": "(1954)", "nota": "9.2"},
{"titulo": "Cinema Paradiso", "ano": "(1988)", "nota": "9.2"},
{"titulo": "Alien", "ano": "(1979)", "nota": "9.2"},
{"titulo": "Apocalypse Now", "ano": "(1979)", "nota": "9.2"},
{"titulo": "Memento", "ano": "(2000)", "nota": "9.2"},
{"titulo": "Indiana Jones and the Raiders of the Lost Ark", "ano": "(1981)", "nota": "9.2"},
{"titulo": "The Great Dictator", "ano": "(1940)", "nota": "9.2"},
{"titulo": "The Lives of Others", "ano": "(2006)", "nota": "9.2"},
{"titulo": "Django Unchained", "ano": "(2012)", "nota": "9.2"},
{"titulo": "Paths of Glory", "ano": "(1957)", "nota": "9.2"},
{"titulo": "Sunset Blvd.", "ano": "(1950)", "nota": "9.2"},
{"titulo": "WALL\u00b7E", "ano": "(2008)", "nota": "9.2"},
{"titulo": "The Shining", "ano": "(1980)", "nota": "9.2"},
{"titulo": "Avengers: Infinity War", "ano": "(2018)", "nota": "9.2"},
{"titulo": "Witness for the Prosecution", "ano": "(1957)", "nota": "9.2"},
{"titulo": "Dr. Strangelove or: How I Learned to Stop Worrying and Love the Bomb", "ano": "(1964)", "nota": "9.2"},
{"titulo": "Spider-Man: Into the Spider-Verse", "ano": "(2018)", "nota": "9.2"},
{"titulo": "Joker", "ano": "(2019)", "nota": "9.2"},
{"titulo": "Princess Mononoke", "ano": "(1997)", "nota": "9.2"},
{"titulo": "Oldboy", "ano": "(2003)", "nota": "9.2"},
{"titulo": "Your Name.", "ano": "(2016)", "nota": "9.2"},
{"titulo": "Once Upon a Time in America", "ano": "(1984)", "nota": "9.2"},
{"titulo": "The Dark Knight Rises", "ano": "(2012)", "nota": "9.2"},
{"titulo": "Aliens", "ano": "(1986)", "nota": "9.2"},
{"titulo": "Coco", "ano": "(2017)", "nota": "9.2"},
{"titulo": "Hamilton", "ano": "(2020)", "nota": "9.2"},
{"titulo": "Capernaum", "ano": "(2018)", "nota": "9.2"},
{"titulo": "Das Boot", "ano": "(1981)", "nota": "9.2"},
{"titulo": "Avengers: Endgame", "ano": "(2019)", "nota": "9.2"},
{"titulo": "High and Low", "ano": "(1963)", "nota": "9.2"},
{"titulo": "American Beauty", "ano": "(1999)", "nota": "9.2"},
{"titulo": "Toy Story", "ano": "(1995)", "nota": "9.2"},
{"titulo": "3 Idiots", "ano": "(2009)", "nota": "9.2"},
{"titulo": "Amadeus", "ano": "(1984)", "nota": "9.2"},
{"titulo": "Braveheart", "ano": "(1995)", "nota": "9.2"},
{"titulo": "Inglourious Basterds", "ano": "(2009)", "nota": "9.2"},
{"titulo": "Good Will Hunting", "ano": "(1997)", "nota": "9.2"},
{"titulo": "Star Wars: Episode VI - Return of the Jedi", "ano": "(1983)", "nota": "9.2"},
{"titulo": "2001: A Space Odyssey", "ano": "(1968)", "nota": "9.2"},
{"titulo": "Reservoir Dogs", "ano": "(1992)", "nota": "9.2"},
{"titulo": "M", "ano": "(1931)", "nota": "9.2"},
{"titulo": "Like Stars on Earth", "ano": "(2007)", "nota": "9.2"},
{"titulo": "Vertigo", "ano": "(1958)", "nota": "9.2"},
{"titulo": "Citizen Kane", "ano": "(1941)", "nota": "9.2"},
{"titulo": "Come and See", "ano": "(1985)", "nota": "9.2"},
{"titulo": "Pather Panchali", "ano": "(1955)", "nota": "9.2"},
{"titulo": "The Hunt", "ano": "(2012)", "nota": "9.2"},
{"titulo": "Requiem for a Dream", "ano": "(2000)", "nota": "9.2"},
{"titulo": "Singin' in the Rain", "ano": "(1952)", "nota": "9.2"},
{"titulo": "North by Northwest", "ano": "(1959)", "nota": "9.2"},
{"titulo": "Eternal Sunshine of the Spotless Mind", "ano": "(2004)", "nota": "9.2"},
{"titulo": "Ikiru", "ano": "(1952)", "nota": "9.2"},
{"titulo": "Bicycle Thieves", "ano": "(1948)", "nota": "9.2"},
{"titulo": "Lawrence of Arabia", "ano": "(1962)", "nota": "9.2"},
{"titulo": "The Kid", "ano": "(1921)", "nota": "9.2"},
{"titulo": "Dangal", "ano": "(2016)", "nota": "9.2"},
{"titulo": "Full Metal Jacket", "ano": "(1987)", "nota": "9.2"},
{"titulo": "The Father", "ano": "(2020)", "nota": "9.2"},
{"titulo": "A Clockwork Orange", "ano": "(1971)", "nota": "9.2"},
{"titulo": "Metropolis", "ano": "(1927)", "nota": "9.2"},
{"titulo": "The Apartment", "ano": "(1960)", "nota": "9.2"},
{"titulo": "Taxi Driver", "ano": "(1976)", "nota": "9.2"},
{"titulo": "Double Indemnity", "ano": "(1944)", "nota": "9.2"},
{"titulo": "Incendies", "ano": "(2010)", "nota": "9.2"},
{"titulo": "The Sting", "ano": "(1973)", "nota": "9.2"},
{"titulo": "A Separation", "ano": "(2011)", "nota": "9.2"},
{"titulo": "1917", "ano": "(2019)", "nota": "9.2"},
{"titulo": "Scarface", "ano": "(1983)", "nota": "9.2"},
{"titulo": "Am\u00e9lie", "ano": "(2001)", "nota": "9.2"},
{"titulo": "Snatch", "ano": "(2000)", "nota": "9.2"},
{"titulo": "Toy Story 3", "ano": "(2010)", "nota": "9.2"},
{"titulo": "To Kill a Mockingbird", "ano": "(1962)", "nota": "9.2"},
{"titulo": "For a Few Dollars More", "ano": "(1965)", "nota": "9.2"},
{"titulo": "Up", "ano": "(2009)", "nota": "9.2"},
{"titulo": "Indiana Jones and the Last Crusade", "ano": "(1989)", "nota": "9.2"},
{"titulo": "L.A. Confidential", "ano": "(1997)", "nota": "9.2"},
{"titulo": "Heat", "ano": "(1995)", "nota": "9.2"},
{"titulo": "Rashomon", "ano": "(1950)", "nota": "9.2"},
{"titulo": "Yojimbo", "ano": "(1961)", "nota": "9.2"},
{"titulo": "Ran", "ano": "(1985)", "nota": "9.2"},
{"titulo": "Die Hard", "ano": "(1988)", "nota": "9.2"},
{"titulo": "Green Book", "ano": "(2018)", "nota": "9.2"},
{"titulo": "Downfall", "ano": "(2004)", "nota": "9.2"},
{"titulo": "Monty Python and the Holy Grail", "ano": "(1975)", "nota": "9.2"},
{"titulo": "All About Eve", "ano": "(1950)", "nota": "9.2"},
{"titulo": "Some Like It Hot", "ano": "(1959)", "nota": "9.2"},
{"titulo": "Batman Begins", "ano": "(2005)", "nota": "9.2"},
{"titulo": "Unforgiven", "ano": "(1992)", "nota": "9.2"},
{"titulo": "Children of Heaven", "ano": "(1997)", "nota": "9.2"},
{"titulo": "Howl's Moving Castle", "ano": "(2004)", "nota": "9.2"},
{"titulo": "The Wolf of Wall Street", "ano": "(2013)", "nota": "9.2"},
{"titulo": "The Great Escape", "ano": "(1963)", "nota": "9.2"},
{"titulo": "Judgment at Nuremberg", "ano": "(1961)", "nota": "9.2"},
{"titulo": "Casino", "ano": "(1995)", "nota": "9.2"},
{"titulo": "There Will Be Blood", "ano": "(2007)", "nota": "9.2"},
{"titulo": "The Treasure of the Sierra Madre", "ano": "(1948)", "nota": "9.2"},
{"titulo": "Pan's Labyrinth", "ano": "(2006)", "nota": "9.2"},
{"titulo": "A Beautiful Mind", "ano": "(2001)", "nota": "9.2"},
{"titulo": "The Secret in Their Eyes", "ano": "(2009)", "nota": "9.2"},
{"titulo": "Raging Bull", "ano": "(1980)", "nota": "9.2"},
{"titulo": "My Neighbor Totoro", "ano": "(1988)", "nota": "9.2"},
{"titulo": "Chinatown", "ano": "(1974)", "nota": "9.2"},
{"titulo": "Lock, Stock and Two Smoking Barrels", "ano": "(1998)", "nota": "9.2"},
{"titulo": "The Gold Rush", "ano": "(1925)", "nota": "9.2"},
{"titulo": "Shutter Island", "ano": "(2010)", "nota": "9.2"},
{"titulo": "No Country for Old Men", "ano": "(2007)", "nota": "9.2"},
{"titulo": "Dial M for Murder", "ano": "(1954)", "nota": "9.2"},
{"titulo": "Three Billboards Outside Ebbing, Missouri", "ano": "(2017)", "nota": "9.2"},
{"titulo": "The Seventh Seal", "ano": "(1957)", "nota": "9.2"},
{"titulo": "The Elephant Man", "ano": "(1980)", "nota": "9.2"},
{"titulo": "The Thing", "ano": "(1982)", "nota": "9.2"},
{"titulo": "The Sixth Sense", "ano": "(1999)", "nota": "9.2"},
{"titulo": "Klaus", "ano": "(2019)", "nota": "9.2"},
{"titulo": "The Third Man", "ano": "(1949)", "nota": "9.2"},
{"titulo": "V for Vendetta", "ano": "(2005)", "nota": "9.2"},
{"titulo": "Wild Strawberries", "ano": "(1957)", "nota": "9.2"},
{"titulo": "Inside Out", "ano": "(2015)", "nota": "9.2"},
{"titulo": "Jurassic Park", "ano": "(1993)", "nota": "9.2"},
{"titulo": "The Truman Show", "ano": "(1998)", "nota": "9.2"},
{"titulo": "Memories of Murder", "ano": "(2003)", "nota": "9.2"},
{"titulo": "Blade Runner", "ano": "(1982)", "nota": "9.2"},
{"titulo": "Trainspotting", "ano": "(1996)", "nota": "9.2"},
{"titulo": "The Bridge on the River Kwai", "ano": "(1957)", "nota": "9.2"},
{"titulo": "Warrior", "ano": "(2011)", "nota": "9.2"},
{"titulo": "Fargo", "ano": "(1996)", "nota": "9.2"},
{"titulo": "Finding Nemo", "ano": "(2003)", "nota": "9.2"},
{"titulo": "My Father and My Son", "ano": "(2005)", "nota": "9.2"},
{"titulo": "Gone with the Wind", "ano": "(1939)", "nota": "9.2"},
{"titulo": "Kill Bill: Vol. 1", "ano": "(2003)", "nota": "9.2"},
{"titulo": "Tokyo Story", "ano": "(1953)", "nota": "9.2"},
{"titulo": "On the Waterfront", "ano": "(1954)", "nota": "9.2"},
{"titulo": "Stalker", "ano": "(1979)", "nota": "9.2"},
{"titulo": "The General", "ano": "(1926)", "nota": "9.2"},
{"titulo": "Wild Tales", "ano": "(2014)", "nota": "9.2"},
{"titulo": "Sherlock Jr.", "ano": "(1924)", "nota": "9.2"},
{"titulo": "The Deer Hunter", "ano": "(1978)", "nota": "9.2"},
{"titulo": "Gran Torino", "ano": "(2008)", "nota": "9.2"},
{"titulo": "Persona", "ano": "(1966)", "nota": "9.2"},
{"titulo": "The Grand Budapest Hotel", "ano": "(2014)", "nota": "9.2"},
{"titulo": "Before Sunrise", "ano": "(1995)", "nota": "9.2"},
{"titulo": "Mary and Max", "ano": "(2009)", "nota": "9.2"},
{"titulo": "Prisoners", "ano": "(2013)", "nota": "9.2"},
{"titulo": "Room", "ano": "(2015)", "nota": "9.2"},
{"titulo": "In the Name of the Father", "ano": "(1993)", "nota": "9.2"},
{"titulo": "Mr. Smith Goes to Washington", "ano": "(1939)", "nota": "9.2"},
{"titulo": "Catch Me If You Can", "ano": "(2002)", "nota": "9.2"},
{"titulo": "Gone Girl", "ano": "(2014)", "nota": "9.2"},
{"titulo": "Barry Lyndon", "ano": "(1975)", "nota": "9.2"},
{"titulo": "Hacksaw Ridge", "ano": "(2016)", "nota": "9.2"},
{"titulo": "To Be or Not to Be", "ano": "(1942)", "nota": "9.2"},
{"titulo": "Andhadhun", "ano": "(2018)", "nota": "9.2"},
{"titulo": "The Passion of Joan of Arc", "ano": "(1928)", "nota": "9.2"},
{"titulo": "Ford v Ferrari", "ano": "(2019)", "nota": "9.2"},
{"titulo": "12 Years a Slave", "ano": "(2013)", "nota": "9.2"},
{"titulo": "The Big Lebowski", "ano": "(1998)", "nota": "9.2"},
{"titulo": "How to Train Your Dragon", "ano": "(2010)", "nota": "9.2"},
{"titulo": "Mad Max: Fury Road", "ano": "(2015)", "nota": "9.2"},
{"titulo": "Dead Poets Society", "ano": "(1989)", "nota": "9.2"},
{"titulo": "Ben-Hur", "ano": "(1959)", "nota": "9.2"},
{"titulo": "Million Dollar Baby", "ano": "(2004)", "nota": "9.2"},
{"titulo": "The Wages of Fear", "ano": "(1953)", "nota": "9.2"},
{"titulo": "Harry Potter and the Deathly Hallows: Part 2", "ano": "(2011)", "nota": "9.2"},
{"titulo": "Autumn Sonata", "ano": "(1978)", "nota": "9.2"},
{"titulo": "Network", "ano": "(1976)", "nota": "9.2"},
{"titulo": "Stand by Me", "ano": "(1986)", "nota": "9.2"},
{"titulo": "The Handmaiden", "ano": "(2016)", "nota": "9.2"},
{"titulo": "Cool Hand Luke", "ano": "(1967)", "nota": "9.2"},
{"titulo": "The 400 Blows", "ano": "(1959)", "nota": "9.2"},
{"titulo": "Logan", "ano": "(2017)", "nota": "9.2"},
{"titulo": "Hachi: A Dog's Tale", "ano": "(2009)", "nota": "9.2"},
{"titulo": "La Haine", "ano": "(1995)", "nota": "9.2"},
{"titulo": "Platoon", "ano": "(1986)", "nota": "9.2"},
{"titulo": "The Bandit", "ano": "(1996)", "nota": "9.2"},
{"titulo": "Gangs of Wasseypur", "ano": "(2012)", "nota": "9.2"},
{"titulo": "Spotlight", "ano": "(2015)", "nota": "9.2"},
{"titulo": "Monty Python's Life of Brian", "ano": "(1979)", "nota": "9.2"},
{"titulo": "A Silent Voice: The Movie", "ano": "(2016)", "nota": "9.2"},
{"titulo": "Hotel Rwanda", "ano": "(2004)", "nota": "9.2"},
{"titulo": "Monsters, Inc.", "ano": "(2001)", "nota": "9.2"},
{"titulo": "Rebecca", "ano": "(1940)", "nota": "9.2"},
{"titulo": "Rush", "ano": "(2013)", "nota": "9.2"},
{"titulo": "Andrei Rublev", "ano": "(1969)", "nota": "9.2"},
{"titulo": "Into the Wild", "ano": "(2007)", "nota": "9.2"},
{"titulo": "In the Mood for Love", "ano": "(2000)", "nota": "9.2"},
{"titulo": "Love's a Bitch", "ano": "(2000)", "nota": "9.2"},
{"titulo": "Rocky", "ano": "(1976)", "nota": "9.2"},
{"titulo": "Neon Genesis Evangelion: The End of Evangelion", "ano": "(1997)", "nota": "9.2"},
{"titulo": "It Happened One Night", "ano": "(1934)", "nota": "9.2"},
{"titulo": "Nausica\u00e4 of the Valley of the Wind", "ano": "(1984)", "nota": "9.2"},
{"titulo": "The Battle of Algiers", "ano": "(1966)", "nota": "9.2"},
{"titulo": "Before Sunset", "ano": "(2004)", "nota": "9.2"},
{"titulo": "Fanny and Alexander", "ano": "(1982)", "nota": "9.2"},
{"titulo": "Three Colors: Red", "ano": "(1994)", "nota": "9.2"},
{"titulo": "Demon Slayer: Mugen Train", "ano": "(2020)", "nota": "9.2"},
{"titulo": "The Princess Bride", "ano": "(1987)", "nota": "9.2"},
{"titulo": "Paris, Texas", "ano": "(1984)", "nota": "9.2"},
{"titulo": "Rififi", "ano": "(1955)", "nota": "9.2"},
{"titulo": "Sunrise", "ano": "(1927)", "nota": "9.2"},
{"titulo": "Nights of Cabiria", "ano": "(1957)", "nota": "9.2"},
{"titulo": "Raatchasan", "ano": "(2018)", "nota": "9.2"},
{"titulo": "Drishyam", "ano": "(2013)", "nota": "9.2"}
]